Country,ISO2,Region,Cumulative_emissions_up_to_2023,Cumulative_population_up_to_2023,share_of_cumulative_population_1988,Country_CO2_budget_Mt,Overshoot_year,overshoot_year_cumulative_emissions
Andorra,AD,Europe,16.235899,3141639.5,2.460726236290274e-06,2.042402776120927,1995,2.462208
United Arab Emirates,AE,Middle East,5662.049374,217442613.6298732,7.30159341000694e-05,60.6032253030576,1972,82.64152
Afghanistan,AF,Southern Asia,236.841364,1314781880.4089034,0.0015541769675742377,1289.9668830866174,2050,
Antigua and Barbuda,AG,Latin America and Caribbean,26.261191,5107076.035392569,8.73808798442834e-06,7.2526130270755225,1977,7.46601
Anguilla,AI,Latin America and Caribbean,3.478081,550904.0,4.809307126549781e-07,0.3991724915036318,1997,0.436016
Albania,AL,Europe,304.173501,211184170.84136474,0.0003936654534587819,326.742326370789,2050,
Armenia,AM,Eurasia,398.82917199999997,290006973.0709152,0.0006866770763973217,569.941973409777,2050,
Angola,AO,Africa,715.340443,1013642216.8619113,0.0009757827074548104,809.8996471874926,2050,
Argentina,AR,Latin America and Caribbean,9012.648906,2936858359.44145,0.005863956843896588,4867.084180434168,2000,4957.245829
Austria,AT,Europe,5693.514967,1260056967.7512233,0.0036609626585560272,3038.5990066015024,1983,3064.772904
Australia,AU,Asia-Pacific Developed,19664.29984,1628104151.3050246,0.003345575845891467,2776.8279520899177,1966,2864.761569
Aruba,AW,Latin America and Caribbean,74.782368,5428071.45598371,8.337723436280241e-06,6.9203104521126,1960,6.924406
Azerbaijan,AZ,Eurasia,2596.786189,703239047.4454128,0.0014953511007701197,1241.1414136391993,1987,1286.670407
All,Africa,Africa,52517.983819,51719466503.015816,0.0658730044541003,54674.59369690325,2050,
All,Asia-Pacific Developed,Asia-Pacific Developed,90408.406932,14777150137.316004,0.03572031757299566,29647.863585586398,1984,29717.134168
Bosnia and Herzegovina,BA,Europe,1024.611079,390321348.30372703,0.0009666614240167446,802.328981933898,2013,816.828446
Barbados,BB,Latin America and Caribbean,62.246791,20915272.849304393,4.32529513584064e-05,35.89994962747731,2005,36.402405
Bangladesh,BD,Southern Asia,1922.089727,7843050854.721769,0.010660776184628245,8848.444233241444,2050,
Belgium,BE,Europe,12817.945201,1485373280.0980134,0.004194618565118281,3481.5334090481733,1933,3538.85427
Burkina Faso,BF,Africa,88.715842,751048016.2887568,0.0008581777080754364,712.2874977026122,2050,
Bulgaria,BG,Europe,3961.461438,932878796.691769,0.0025046449306076195,2078.8552924043242,1988,2164.3505
Bahrain,BH,Middle East,1067.922931,46793307.10549191,4.452261484580785e-05,36.95377032202052,1948,41.487472
Burundi,BI,Africa,15.413735,438709078.5361721,0.0005200875950442047,431.6727038866899,2050,
Benin,BJ,Africa,121.688563,441029437.26141316,0.00047126362166094167,391.1488059785816,2050,
Bermuda,BM,North America,30.441674,4054124.9863986718,7.110490373581303e-06,5.9017070100724816,1978,6.294752
Brunei Darussalam,BN,South-East Asia and developing Pacific,414.239795,18556066.03037659,2.218540037831054e-05,18.41388231399775,1947,20.958080000000002
Bolivia,BO,Latin America and Caribbean,609.296645,646617003.23169,0.0011757921999916757,975.9075259930909,2050,
"Bonaire, Sint Eustatius and Saba",BQ,Latin America and Caribbean,7.639206,1041340.4619678108,1.4193462373354458e-06,1.17805737698842,1959,1.272029
Brazil,BR,Latin America and Caribbean,17726.992194,12252254357.586601,0.02197829316278627,18241.983325112604,2050,
Bahamas ,BS,Latin America and Caribbean,176.126329,18765162.53251668,2.518409495534332e-05,20.902798812934954,1971,21.488474
Bhutan,BT,Southern Asia,28.952364,31293688.5,3.0432033625620384e-05,25.258587909264918,2021,25.603993
Botswana,BW,Africa,173.464991,82812537.0,6.399356973197286e-05,53.11466287753747,2001,56.733046
Belarus,BY,Eurasia,5126.2802,1195302250.62484,0.003227572997142191,2678.8855876280186,1987,2714.474869
Belize,BZ,Latin America and Caribbean,21.02989,14690634.647417022,1.7267681616246978e-05,14.332175741484992,2012,14.428832
Canada,CA,North America,35156.318609,2687291072.8834624,0.005780457374739228,4797.779621033559,1952,4828.304705
Democratic Republic of the Congo,CD,Africa,230.240863,3356607346.9772854,0.004174644692602864,3464.955094860377,2050,
Central African Republic,CF,Africa,12.115609000000001,225024252.70367697,0.0003010067109513005,249.8355700895794,2050,
Congo ,CG,Africa,181.048693,195737061.35645932,0.00020916386337837195,173.6060066040487,2023,181.048693
Switzerland,CH,Europe,3125.635691,811888623.0481347,0.0020544835330548127,1705.2213324354946,1990,1746.952711
Côte d'Ivoire,CI,Africa,383.56478500000003,956755356.4731678,0.0008654523194958039,718.3254251815173,2050,
Cook Islands,CK,South-East Asia and developing Pacific,2.624642,943434.0104565236,1.3841570131198406e-06,1.1488503208894676,2003,1.183472
Chile,CL,Latin America and Caribbean,3242.666793,1297423988.8342671,0.002715154627971106,2253.578341216018,2012,2333.095309
Cameroon,CM,Africa,299.982825,905066399.6469468,0.0009896382199576586,821.3997225648566,2050,
China,CN,Eastern Asia,272531.535544,98057795353.75967,0.19691567121436426,163440.00710792234,2013,166255.140922
Colombia,CO,Latin America and Caribbean,3736.250302,2769956006.8595896,0.004872578131737839,4044.2398493424066,2050,
Costa Rica,CR,Latin America and Caribbean,277.659364,253334173.88538498,0.00039635984810084204,328.9786739236989,2050,
Cuba,CU,Latin America and Caribbean,1787.437408,959297655.9568505,0.0021547337052768914,1788.4289753798198,2050,
Cabo Verde,CV,Africa,16.184783,26999084.52879432,3.9630576915770695e-05,32.893378840089674,2050,
Curaçao,CW,Latin America and Caribbean,531.224831,11094380.028573051,2.0740300669500214e-05,17.214449555685178,1952,21.499538
Christmas Island,CX,Asia-Pacific Developed,1.330032,,,,2050,
Cyprus,CY,Europe,314.879528,61568657.18925722,9.280329402731455e-05,77.02673404267108,1990,80.49879
Czechia,CZ,Europe,12257.92275,1585146233.6488607,0.004612006070331752,3827.965038375354,1963,3887.599524
Germany,DE,Europe,94582.28857,12539000516.982183,0.03653003980093491,30319.933034775975,1952,30378.542082
Djibouti,DJ,Africa,20.427237,37391705.75936737,2.8187052387607567e-05,23.39525348171428,2050,
Denmark,DK,Europe,4168.465479,654902656.8504007,0.0017486163123817465,1451.3515392768495,1971,1477.463761
Dominica,DM,Latin America and Caribbean,5.313397,4880402.881109107,9.33098217880541e-06,7.74471520840849,2050,
Dominican Republic ,DO,Latin America and Caribbean,842.596398,566156641.434038,0.0009108151646912756,755.9765866937588,2021,780.14595
Algeria,DZ,Africa,5263.690042,2023778533.3718843,0.0030631906357595365,2542.448227680415,2005,2599.949595
Ecuador,EC,Latin America and Caribbean,1340.632934,854916954.5924244,0.0013586148233848323,1127.6503034094108,2018,1145.762572
Estonia,EE,Europe,1660.872857,185054386.57107523,0.0005155416789222941,427.89959350550413,1971,439.318922
Egypt,EG,Africa,7290.290091,4889293586.186722,0.0073579096658538635,6107.065022658707,2019,6253.821907
Eritrea,ER,Africa,18.166312,126795169.7563258,0.00012933936917921917,107.35167641875191,2050,
Spain,ES,Europe,15504.282631,5092144195.806849,0.013432002425309127,11148.562013006574,2007,11300.653506999999
Ethiopia,ET,Africa,306.169122,4098428406.359061,0.004493906312920817,3729.942239724278,2050,
All,EU,European Union,298450.479571,58244582851.56293,0.16244045976202864,134825.58160248378,1977,136508.416774
All,Eastern Asia,Eastern Asia,300668.244987,103851499383.64929,0.20790145354243206,172558.2064402186,2012,176088.494901
All,Eurasia,Eurasia,156982.90237,24550258643.20613,0.060934555400297644,50575.680982247046,1979,52887.06689
All,Europe,Europe,432007.784206,81253574489.25784,0.22176401445646599,184064.13199886677,1973,187819.713539
Finland,FI,Europe,3294.771051,611266454.4636241,0.0016093465410547793,1335.7576290754669,1988,1382.8431209999999
Fiji,FJ,South-East Asia and developing Pacific,50.938439,50493705.73842266,7.601992023644433e-05,63.09653379624879,2050,
Micronesia,FM,South-East Asia and developing Pacific,4.718263,5274835.0,5.483008188504362e-06,4.550896796458621,2022,4.568765
Faroe Islands ,FO,Europe,33.083349,3177029.5105846236,5.641206660975335e-06,4.682201528609528,1978,4.98304
France,FR,Europe,39685.163316,9403452200.415625,0.027347037672161054,22698.041267893674,1979,22873.897531
All,G20,G20 Countries,1389548.099067,334310628019.94794,0.7180209755092,595957.409672636,1988,595987.660117
Gabon,GA,Africa,305.880738,80676280.00064299,9.233800569598413e-05,76.64054472766682,1983,81.165719
United Kingdom,GB,Europe,79777.706677,9267604532.95844,0.02681778057894931,22258.75788052793,1913,22647.400423
Grenada,GD,Latin America and Caribbean,9.237749,7477366.655722145,1.3752122948657037e-05,11.414262047385341,2050,
Georgia,GE,Eurasia,694.835236,552906594.6802356,0.0015241826583434095,1265.0716064250298,2050,
Ghana,GH,Africa,404.572053,1181774984.6473157,0.0013503799112202543,1120.815326312811,2050,
Greenland,GL,North America,34.836293,3568217.9900006447,6.043240133122022e-06,5.015889310491278,1969,5.027008
Gambia ,GM,Africa,16.719935,83811335.05211414,8.123616236655831e-05,67.4260147642434,2050,
Guinea,GN,Africa,100.750317,510534180.13504136,0.0006272453570608696,520.6136463605218,2050,
Equatorial Guinea,GQ,Africa,155.293278,48294712.13960507,4.376982791489238e-05,36.32895716936067,2005,36.771201
Greece,GR,Europe,4247.077457,1111260298.324577,0.0027782806385654715,2305.9729300093413,2001,2338.674099
Guatemala,GT,Latin America and Caribbean,500.588664,803686243.8647879,0.0012625855112610202,1047.9459743466468,2050,
Guinea-Bissau,GW,Africa,11.045886,77686687.96320379,9.843430459145328e-05,81.70047281090622,2050,
Guyana,GY,Latin America and Caribbean,112.82001699999999,52356709.1182418,9.640901929526632e-05,80.01948601507104,2011,80.904784
Hong Kong,HK,Eastern Asia,1721.502218,400032381.2240042,0.000610057772602551,506.34795126011727,1992,506.501486
Honduras,HN,Latin America and Caribbean,292.96711600000003,424673983.8832019,0.0005899200924231715,489.63367671123234,2050,
Croatia,HR,Europe,1165.427164,483940975.05685925,0.0012547669204225835,1041.4565439507442,2016,1041.750645
Haiti,HT,Latin America and Caribbean,87.121652,663241966.4286398,0.0012894925786677723,1070.278840294251,2050,
Hungary,HU,Europe,5154.809853,1548608582.4156072,0.004519733272268905,3751.378615983191,1997,3788.670972
Indonesia,ID,South-East Asia and developing Pacific,16462.349832,15673050342.78269,0.028339055894100497,23521.416392103412,2050,
Ireland,IE,Europe,2334.43523,406966278.55651605,0.000975879301082954,809.9798198988518,1984,830.765978
Israel,IL,Middle East,2557.419003,365017339.94624907,0.0004726792052578885,392.3237403640474,1982,406.400943
India,IN,Southern Asia,62870.027783,86700425465.32327,0.17387257771729006,144314.23950535076,2050,
Iraq,IQ,Middle East,4957.207975,1525766286.9582782,0.0018508911707423319,1536.2396717161355,1996,1603.534217
Iran,IR,Middle East,21123.711983,4270576005.442468,0.006427823670180034,5335.093646249428,1994,5518.227695
Iceland,IS,Europe,168.185459,20037954.931124408,3.5115157150085186e-05,29.145580434570704,1971,30.423793
Italy,IT,Europe,25705.298294,7243400991.993988,0.01959213836940993,16261.474846610243,2000,16338.188598
Jamaica,JM,Latin America and Caribbean,475.941624,166273318.8325139,0.0002757174883689263,228.8455153462088,1996,231.83945
Jordan,JO,Middle East,758.349751,305213536.0924814,0.00022623120836040892,187.7719029391394,1995,190.209476
Japan,JP,Asia-Pacific Developed,68764.532065,12814237161.186798,0.03166662437739782,26283.298233240188,1988,26688.686175
Kenya,KE,Africa,550.028833,1777358015.9755402,0.0017331935065798222,1438.5506104612525,2050,
Kyrgyzstan,KG,Eurasia,868.7523180000001,416987870.1220981,0.0008542893714079585,709.0601782686056,2005,710.225244
Cambodia,KH,South-East Asia and developing Pacific,223.764378,663905622.1706502,0.0007636458694621146,633.8260716535551,2050,
Kiribati,KI,South-East Asia and developing Pacific,2.214018,5200589.420012274,6.295007945685232e-06,5.224856594918743,2050,
Comoros,KM,Africa,6.798687,30250142.829368,3.239378154126778e-05,26.886838679252257,2050,
Saint Kitts and Nevis,KN,Latin America and Caribbean,7.742526,3438640.1085498943,7.0093753428254725e-06,5.8177815345451425,2015,5.845302
North Korea,KP,Eastern Asia,5428.406478,1754618428.3984706,0.0034229579232733223,2841.0550763168576,1988,2946.41734
South Korea,KR,Eastern Asia,20107.32347,3467629223.4476886,0.0067280035190059005,5584.242920774897,1997,5630.352669
Kuwait,KW,Middle East,3261.050218,132064977.05288148,0.000130353327531871,108.19326185145293,1965,134.849856
Kazakhstan,KZ,Eurasia,14457.673116,1488307046.68072,0.003345448987938995,2776.7226599893656,1971,2896.03607
Lao People's Democratic Republic,LA,South-East Asia and developing Pacific,223.548563,304754497.457175,0.00036260604988254294,300.96302140251066,2050,
Lebanon,LB,Middle East,787.366282,281766040.48661155,0.0004204920963347986,349.00843995788284,2003,364.523347
Saint Lucia,LC,Latin America and Caribbean,15.910459,9808747.323917057,1.5467829545092533e-05,12.838298522426802,2017,12.908272
Liechtenstein,LI,Europe,9.882656,1879706.831861263,2.527255958109535e-06,2.097622445230914,1982,2.1775729999999998
Sri Lanka,LK,Southern Asia,559.76421,1169807349.353287,0.001774376340840089,1472.732362897274,2050,
Liberia,LR,Africa,51.529768,185143065.6479919,0.00022285008530375643,184.96557080211784,2050,
Lesotho,LS,Africa,75.032706,96976625.0,9.863759319074344e-05,81.86920234831706,2050,
Lithuania,LT,Europe,1597.857674,445894790.3282205,0.0012539966841428071,1040.81724783853,1989,1073.174814
Luxembourg,LU,Europe,776.016324,31923491.451281253,5.524210273552921e-05,45.85094527048924,1955,53.364712999999995
Latvia,LV,Europe,973.702947,339880212.53161764,0.0009895179448281375,821.2998942073541,2003,822.570177
Libya,LY,Africa,2432.828797,294234327.3199554,0.0003365227617869781,279.3138922831918,1979,285.513089
All,Latin America and Caribbean,Latin America and Caribbean,75706.860389,37037831368.68518,0.06681508751455928,55456.5226370842,2012,56311.643192
Morocco,MA,Africa,1945.998359,1842313942.416054,0.0028776678844999928,2388.464344134994,2050,
Moldova ,MD,Eurasia,1353.89035,421763562.1069724,0.001086778632594894,902.026265053762,1985,925.392003
Montenegro,ME,Europe,111.813527,66355891.92557717,0.00016763337985541317,139.13570527999292,2050,
Madagascar,MG,Africa,109.720125,1005572310.972836,0.00110894690690326,920.4259327297058,2050,
Marshall Islands,MH,South-East Asia and developing Pacific,3.857479,2275866.5,2.2163699342246493e-06,1.839587045406459,2009,1.842992
Republic of North Macedonia,MK,Eurasia,532.495886,186901023.26862636,0.00044031529421434016,365.4616941979023,2002,368.230422
Mali,ML,Africa,93.057183,722920599.1418962,0.0007700864750724167,639.1717743101059,2050,
Myanmar,MM,South-East Asia and developing Pacific,692.938001,3042596707.960123,0.005233770767089041,4344.029736683904,2050,
Mongolia,MN,Eastern Asia,823.005532,145112636.45925406,0.00019388407925340764,160.92378578032836,1990,161.925482
Macao,MO,Eastern Asia,56.471745,26311360.360209286,3.087903393261704e-05,25.629598164072142,2001,26.523696
Mauritania,MR,Africa,93.343396,150012197.68015003,0.0001432327398525101,118.88317407758338,2050,
Montserrat,MS,Latin America and Caribbean,1.655709,512966.4680875373,1.1595885735531574e-06,0.9624585160491207,2005,1.000272
Malta,MT,Europe,109.545427,27850040.39513079,4.8900771155136454e-05,40.587640058763256,1994,42.391042
Mauritius,MU,Africa,127.71137,74425620.74055493,0.00011831418506353532,98.20077360273432,2016,98.349088
Maldives,MV,Southern Asia,30.996468,15215064.5,1.1663370914486667e-05,9.680597859023933,2009,9.867152
Malawi,MW,Africa,55.887115,681425999.7873764,0.0007245069987352455,601.3408089502537,2050,
Mexico,MX,Latin America and Caribbean,21590.758731,7025028447.316741,0.012380069709583835,10275.457858954584,1999,10558.446764
Malaysia,MY,South-East Asia and developing Pacific,6771.273458,1528721499.6373067,0.002291702426599118,1902.113014077268,2001,1942.3179049999999
Mozambique,MZ,Africa,200.784281,1214258998.5352201,0.0017173315854464742,1425.3852159205735,2050,
All,Middle East,Middle East,65234.126058,10591836462.61426,0.013046832749044264,10828.87118170674,1987,10831.550893
Namibia,NA,Africa,89.56469,89877518.5,6.929563242058902e-05,57.51537490908889,2016,61.024918
New Caledonia,NC,South-East Asia and developing Pacific,166.467044,12866212.484625187,1.654434276419241e-05,13.731804494279698,1967,14.399519999999999
Niger,NE,Africa,56.858012,721253608.878183,0.000698330768788766,579.6145380946757,2050,
Nigeria,NG,Africa,4632.537268,8646492678.354553,0.012293013113834763,10203.200884482852,2050,
Nicaragua,NI,Latin America and Caribbean,192.768554,340638456.1563796,0.0005652945292011303,469.1944592369382,2050,
Netherlands,NL,Europe,12141.056707,1646853797.779306,0.004042275535499452,3355.088694464545,1969,3383.221575
Norway,NO,Europe,2749.368376,562812235.5225953,0.0014941294989445633,1240.1274841239874,1987,1252.647867
Nepal,NP,Southern Asia,210.328921,1389030716.2401776,0.001868706179863093,1551.0261292863672,2050,
Nauru,NR,South-East Asia and developing Pacific,5.019871,547661.9996031042,6.865890510709003e-07,0.5698689123888472,1973,0.571584
Niue,NU,South-East Asia and developing Pacific,0.304626,139787.0,2.660156797003808e-07,0.22079301415131605,2013,0.223504
New Zealand,NZ,Asia-Pacific Developed,1978.244995,334808824.82417977,0.0007081173497063711,587.7374002562881,1976,588.16711
All,North America,North America,467078.186776,29388457902.559174,0.06706058457043745,55660.28519346309,1931,56873.436376
Oman,OM,Middle East,1579.032781,128093339.67726712,8.663725061617166e-05,71.90891801142247,1983,74.346224
Panama,PA,Latin America and Caribbean,354.669037,201794383.81424558,0.00031258023835406865,259.441597833877,2015,268.618203
Peru,PE,Latin America and Caribbean,2062.043667,1899255770.7508705,0.0034729887907065855,2882.580696286466,2050,
French Polynesia,PF,South-East Asia and developing Pacific,33.16566,13132840.868242761,1.6165922594932246e-05,13.417715753793765,2000,13.736336
Papua New Guinea,PG,South-East Asia and developing Pacific,201.711297,338644890.2774639,0.00036941598602257836,306.61526839874006,2050,
Philippines,PH,South-East Asia and developing Pacific,3813.841075,5033869885.1743355,0.007201094081657952,5976.9080877761,2050,
Pakistan,PK,Southern Asia,5713.486144,8915941047.847116,0.009872037723352326,8193.79131038243,2050,
Poland,PL,Europe,28784.851902,5346990313.52967,0.015141839060476918,12567.726420195842,1978,12644.002548
Saint Pierre and Miquelon,PM,North America,3.86081,428304.4982798724,8.080477356521347e-07,0.6706796205912717,1968,0.692496
"Palestine, State of",PS,Middle East,70.791793,156861320.5,0.00010523148763142608,87.34213473408364,2050,
Portugal,PT,Europe,2732.027249,1191844162.388286,0.0031377938241416315,2604.368874037554,2020,2613.827945
Palau,PW,South-East Asia and developing Pacific,6.778649000000001,872448.0,9.19687010306064e-07,0.7633402185540331,1995,0.791424
Paraguay,PY,Latin America and Caribbean,201.572914,313121585.12239045,0.0004600602070275771,381.84997183288897,2050,
Qatar,QA,Middle East,2427.585703,55527344.9971009,2.2409022468703013e-05,18.599488649023503,1965,22.97328
Romania,RO,Europe,8791.776021,2598523906.9753714,0.007023760254857848,5829.721011532014,1992,5868.057779
Serbia,RS,Europe,2936.953643,724463561.784829,0.0017508061110916308,1453.1690722060537,1992,1489.884218
Russia,RU,Eurasia,121266.528987,16661954405.782293,0.04360439293581824,36191.64613672914,1977,37323.937823
Rwanda,RW,Africa,34.268274,499405529.83381355,0.0006012111088024924,499.00522030606874,2050,
Saudi Arabia,SA,Middle East,18315.965369,990762427.7809899,0.0008814401232230166,731.5953022751038,1976,818.27673
Solomon Islands,SB,South-East Asia and developing Pacific,11.309086,25214661.850085028,2.613349446821005e-05,21.69080040861434,2050,
Seychelles,SC,Africa,15.310041,4865469.702158114,5.934734439323135e-06,4.925829584638202,2001,4.9464
Sudan,SD,Africa,508.218978,1648915914.6128874,0.0018119154309619453,1503.8898076984146,2050,
Sweden,SE,Europe,5099.760199,1185277680.782497,0.003244610800476591,2693.0269643955708,1979,2758.083691
Singapore,SG,South-East Asia and developing Pacific,2190.909866,235987721.76204565,0.0002922369103664905,242.5566356041871,1978,271.279182
"Saint Helena, Ascension and Tristan da Cunha",SH,Africa,0.417487,328007.9988916716,4.7457640979949767e-07,0.39389842013358306,2021,0.395712
Slovenia,SI,Europe,896.224218,198401406.99532658,0.00048128960116016985,399.470368962941,1991,408.814444
Slovakia,SK,Europe,3999.045117,626121575.5897883,0.0016528147313996538,1371.8362270617126,1967,1403.898397
Sierra Leone,SL,Africa,40.332177,310074156.5451486,0.00040789358814914673,338.5516781637918,2050,
Senegal,SN,Africa,284.177816,595125244.5884019,0.0006617718890778424,549.2706679346092,2050,
Suriname,SR,Latin America and Caribbean,125.320401,30900276.45179515,4.820630789593126e-05,40.011235553622946,1984,40.325682
Sao Tome and Principe,ST,Africa,3.927738,9059795.090406284,1.1811612417429033e-05,9.803638306466096,2050,
El Salvador,SV,Latin America and Caribbean,256.547818,437166313.63073564,0.0008615215150551862,715.0628574958046,2050,
Sint Maarten (Dutch part),SX,Latin America and Caribbean,61.478607,1504542.9992242642,1.1728033663598077e-06,0.9734267940786404,1951,1.758956
Syrian Arab Republic,SY,Middle East,1969.839776,961639608.9714756,0.0012029049509513453,998.4111092896167,2001,1042.949027
Eswatini,SZ,Africa,44.158697000000004,54936751.53991401,6.570762920249149e-05,54.53733223806793,2050,
All,South-East Asia and developing Pacific,South-East Asia and developing Pacific,44612.020045,36499049687.9215,0.06123940322157917,50828.70467391071,2050,
All,Southern Asia,Southern Asia,71572.486981,107379546066.89453,0.19964474651808817,165705.13961001317,2050,
Turks and Caicos Islands (the),TC,Latin America and Caribbean,7.236756,1082391.5,5.523292364884681e-07,0.4584332662854285,1996,0.46532799999999996
Chad,TD,Africa,48.924443,541556235.1768504,0.0005543850935406725,460.13962763875816,2050,
Togo,TG,Africa,73.776089,306930179.7596773,0.0003357468233252245,278.66986335993636,2050,
Thailand,TH,South-East Asia and developing Pacific,8040.213318,3920447517.3223915,0.006172776659535301,5123.4046274143,2013,5277.02437
Tajikistan,TJ,Eurasia,500.576568,472824316.0551099,0.0008095172131073013,671.89928687906,2050,
Timor-Leste,TL,South-East Asia and developing Pacific,11.436574,48020549.5,4.589195164808034e-05,38.09031986790668,2050,
Turkmenistan,TM,Eurasia,2568.730753,347967608.3063471,0.0006139445850529226,509.5740055939258,1977,513.605788
Tunisia,TN,Africa,1021.508723,634348163.9868271,0.0010273157925499998,852.6721078164999,2018,866.757746
Tonga,TO,South-East Asia and developing Pacific,4.99274,6779604.599565935,1.1852431031529956e-05,9.837517756169863,2050,
Turkey,TR,Europe,12220.47434,5106101605.25469,0.009890406544539177,8209.037431967517,2014,8438.930424
Trinidad and Tobago,TT,Latin America and Caribbean,1674.553227,103528443.32199773,0.00021022139416342707,174.48375715564447,1948,175.806048
Tuvalu,TV,South-East Asia and developing Pacific,0.312211,482049.5,5.034001925569801e-07,0.41782215982229354,2050,
Tanzania,TZ,Africa,322.492992,2038346168.3321428,0.0021061886153587897,1748.1365507477954,2050,
Ukraine,UA,Europe,31079.180438,5840023337.281997,0.01574224382452146,13066.062374352812,1979,13119.935705
Uganda,UG,Africa,123.84708,1457474936.0231361,0.0015161946339579872,1258.4415461851295,2050,
United States of America,US,North America,431852.72939,26693116182.20103,0.061266165417455866,50850.91729648837,1929,51304.408161
Uruguay,UY,Latin America and Caribbean,468.968047,319053450.88731486,0.0007708555085364411,639.8100720852461,2050,
Uzbekistan,UZ,Eurasia,6617.523595,1812097945.0625618,0.003246084547509957,2694.250174433264,1990,2786.54238
Saint Vincent and the Grenadines,VC,Latin America and Caribbean,7.682611,7430243.845352228,1.3541402657835476e-05,11.239364206003446,2050,
Venezuela,VE,Latin America and Caribbean,7708.909057,1605379837.0013568,0.0026043757626981073,2161.631883039429,1981,2223.861342
Virgin Islands (British),VG,Latin America and Caribbean,6.082418,1188896.488558306,1.0828026637019043e-06,0.8987262108725805,1991,0.948976
Viet Nam,VN,South-East Asia and developing Pacific,5259.2544339999995,5543170577.008087,0.009949478096250493,8258.066819887908,2050,
Vanuatu,VU,South-East Asia and developing Pacific,5.445211,10508340.485642064,1.0378399484737468e-05,8.614071572332099,2050,
Wallis and Futuna,WF,South-East Asia and developing Pacific,0.833784,675097.0,7.814899839048439e-07,0.6486366866410205,2017,0.666848
All,WLD,World,1756789.002563,497048670645.11975,1.0,830000.0,1992,836201.736333
Samoa,WS,South-East Asia and developing Pacific,7.557731,11916676.382198581,1.991289300753726e-05,16.527701196255926,2050,
Yemen,YE,Middle East,695.833119,1154312313.9730904,0.0011022006868003915,914.826570044325,2050,
South Africa,ZA,Africa,22255.15715,3162561221.5453014,0.005221288407652616,4333.669378351671,1975,4455.045447
Zambia,ZM,Africa,273.930727,623729049.7626693,0.0006471929550966429,537.1701527302137,2050,
Zimbabwe,ZW,Africa,815.088674,747397657.7320458,0.0011188693539175903,928.6615637515999,2050,
